{
	"parent": "minecraft:block/cube_all",
	"textures": {
		"down": "lthc.omn:blocks/workbenches/magica_workbench_bottom",
		"up": "lthc.omn:blocks/workbenches/magica_workbench_top",
		"sides": "lthc.omn:blocks/workbenches/magica_workbench_side"
	},
	"elements": [{
		"from": [ 0, 0, 0 ],
		"to": [ 16, 16, 16 ],
		"faces": {
			"down":	{ "texture": "#down"},
			"up":	 { "texture": "#up"},
			"north": { "texture": "#sides"},
			"south": { "texture": "#sides"},
			"west":	{ "texture": "#sides"},
			"east":	{ "texture": "#sides"}
		}
	}]
}
