{
	"parent": "lthc.advancenergy:wire_pos",
	"textures": {
		"0": "lthc.advancenergy:cables/primitive_cable"
	},
	"elements": [
		{
			"from": [0, 4, 4],
			"to": [12, 12, 12],
			"rotation": {"angle": 0, "axis": "y", "origin": [8, 8, 8]},
			"faces": {
				"north": {"uv": [8, 0, 12, 6], "rotation": 90, "texture": "#0"},
				"east": {"uv": [12, 12, 16, 16], "texture": "#0"},
				"south": {"uv": [8, 2, 12, 8], "rotation": 90, "texture": "#0"},
				"up": {"uv": [8, 2, 12, 8], "rotation": 90, "texture": "#0"},
				"down": {"uv": [8, 0, 12, 6], "rotation": 270, "texture": "#0"}
			},
			"shade": false
		},
		{
			"from": [-2, 2, 2],
			"to": [2, 14, 14],
			"rotation": {"angle": 0, "axis": "y", "origin": [8, 8, 8]},
			"faces": {
				"north": {"uv": [0, 8, 2, 14], "texture": "#0"},
				"east": {"uv": [2, 8, 8, 14], "texture": "#0"},
				"south": {"uv": [0, 8, 2, 14], "texture": "#0"},
				"west": {"uv": [2, 8, 8, 14], "texture": "#0"},
				"up": {"uv": [0, 8, 2, 14], "rotation": 180, "texture": "#0"},
				"down": {"uv": [0, 8, 2, 14], "texture": "#0"}
			},
			"shade": false
		}
	]
}