{
"providers": [
{"type":"bitmap","file":"lthc.advancenergy:font/none.png","ascent":8,"height":18,"chars":["\uea00"]},

{"type":"bitmap","file":"lthc.advancenergy:font/main_page/heavy_workbench.png","ascent":8,"height":18,"chars":["\uea01"]},
{"type":"bitmap","file":"lthc.advancenergy:font/main_page/tin_ore.png","ascent":8,"height":18,"chars":["\uea02"]},
{"type":"bitmap","file":"lthc.advancenergy:font/main_page/lead_ore.png","ascent":8,"height":18,"chars":["\uea03"]},
{"type":"bitmap","file":"lthc.advancenergy:font/main_page/bronze.png","ascent":8,"height":18,"chars":["\uea04"]},
{"type":"bitmap","file":"lthc.advancenergy:font/main_page/ash.png","ascent":8,"height":18,"chars":["\uea05"]},
{"type":"bitmap","file":"lthc.advancenergy:font/main_page/bronze_machine_casing.png","ascent":8,"height":18,"chars":["\uea06"]},
{"type":"bitmap","file":"lthc.advancenergy:font/main_page/tin_stuff.png","ascent":8,"height":18,"chars":["\uea07"]},
{"type":"bitmap","file":"lthc.advancenergy:font/main_page/lead_stuff.png","ascent":8,"height":18,"chars":["\uea08"]},
{"type":"bitmap","file":"lthc.advancenergy:font/main_page/carbon_generator.png","ascent":8,"height":18,"chars":["\uea09"]},
{"type":"bitmap","file":"lthc.advancenergy:font/main_page/advanced_carbon_generator.png","ascent":8,"height":18,"chars":["\uea0a"]},
{"type":"bitmap","file":"lthc.advancenergy:font/main_page/dust_generator.png","ascent":8,"height":18,"chars":["\uea0b"]},
{"type":"bitmap","file":"lthc.advancenergy:font/main_page/solar_generator.png","ascent":8,"height":18,"chars":["\uea0c"]},
{"type":"bitmap","file":"lthc.advancenergy:font/main_page/potato_generator.png","ascent":8,"height":18,"chars":["\uea0d"]},
{"type":"bitmap","file":"lthc.advancenergy:font/main_page/mineral_extracting_machine.png","ascent":8,"height":18,"chars":["\uea0e"]},
{"type":"bitmap","file":"lthc.advancenergy:font/main_page/refinery.png","ascent":8,"height":18,"chars":["\uea0f"]},
{"type":"bitmap","file":"lthc.advancenergy:font/main_page/primitive_cable.png","ascent":8,"height":18,"chars":["\uea10"]},
{"type":"bitmap","file":"lthc.advancenergy:font/main_page/primitive_capacitor.png","ascent":8,"height":18,"chars":["\uea11"]},

{"type":"bitmap","file":"lthc.advancenergy:font/crafts/heavy_workbench.png","ascent": 8, "height": 52,"chars":["\uea12"]},
{"type":"bitmap","file":"lthc.advancenergy:font/crafts/bronze.png","ascent": 8, "height": 52,"chars":["\uea13"]},
{"type":"bitmap","file":"lthc.advancenergy:font/crafts/bronze_machine_casing.png","ascent": 8, "height": 52,"chars":["\uea14"]},
{"type":"bitmap","file":"lthc.advancenergy:font/crafts/tin_stuff.png","ascent": 8, "height": 52,"chars":["\uea15"]},
{"type":"bitmap","file":"lthc.advancenergy:font/crafts/lead_stuff.png","ascent": 8, "height": 52,"chars":["\uea16"]},
{"type":"bitmap","file":"lthc.advancenergy:font/crafts/carbon_generator.png","ascent": 8, "height": 52,"chars":["\uea17"]},
{"type":"bitmap","file":"lthc.advancenergy:font/crafts/advanced_carbon_generator.png","ascent": 8, "height": 52,"chars":["\uea18"]},
{"type":"bitmap","file":"lthc.advancenergy:font/crafts/dust_generator.png","ascent": 8, "height": 52,"chars":["\uea19"]},
{"type":"bitmap","file":"lthc.advancenergy:font/crafts/solar_generator.png","ascent": 8, "height": 52,"chars":["\uea1a"]},
{"type":"bitmap","file":"lthc.advancenergy:font/crafts/potato_generator.png","ascent": 8, "height": 52,"chars":["\uea1b"]},
{"type":"bitmap","file":"lthc.advancenergy:font/crafts/mineral_extracting_machine.png","ascent": 8, "height": 52,"chars":["\uea1c"]},
{"type":"bitmap","file":"lthc.advancenergy:font/crafts/refinery.png","ascent": 8, "height": 52,"chars":["\uea1d"]},
{"type":"bitmap","file":"lthc.advancenergy:font/crafts/primitive_cable.png","ascent": 8, "height": 52,"chars":["\uea1e"]},
{"type":"bitmap","file":"lthc.advancenergy:font/crafts/primitive_capacitor.png","ascent": 8, "height": 52,"chars":["\uea1f"]},
{"type":"bitmap","file":"lthc.advancenergy:font/main_page/silver_ore.png","ascent": 8, "height": 18,"chars":["\uea20"]},
{"type":"bitmap","file":"lthc.advancenergy:font/main_page/tin_machine_casing.png","ascent": 8, "height": 18,"chars":["\uea21"]},
{"type":"bitmap","file":"lthc.advancenergy:font/main_page/lead_machine_casing.png","ascent": 8, "height": 18,"chars":["\uea22"]},
{"type":"bitmap","file":"lthc.advancenergy:font/main_page/silver_machine_casing.png","ascent": 8, "height": 18,"chars":["\uea23"]},
{"type":"bitmap","file":"lthc.advancenergy:font/main_page/cobblestone_farmer.png","ascent": 8, "height": 18,"chars":["\uea24"]},
{"type":"bitmap","file":"lthc.advancenergy:font/main_page/carbon_extractor.png","ascent": 8, "height": 18,"chars":["\uea25"]},
{"type":"bitmap","file":"lthc.advancenergy:font/crafts/tin_machine_casing.png","ascent": 8, "height": 52,"chars":["\uea26"]},
{"type":"bitmap","file":"lthc.advancenergy:font/crafts/lead_machine_casing.png","ascent": 8, "height": 52,"chars":["\uea27"]},
{"type":"bitmap","file":"lthc.advancenergy:font/crafts/silver_machine_casing.png","ascent": 8, "height": 52,"chars":["\uea28"]},
{"type":"bitmap","file":"lthc.advancenergy:font/crafts/cobblestone_farmer.png","ascent": 8, "height": 52,"chars":["\uea29"]},
{"type":"bitmap","file":"lthc.advancenergy:font/crafts/carbon_extractor.png","ascent": 8, "height": 52,"chars":["\uea2a"]}
]
}