{
"parent":"block/barrel",

"overrides":[
{"predicate":{"custom_model_data":170000},"model":"lthc.mage:pylons/basic/barrel/acacia"},
{"predicate":{"custom_model_data":170001},"model":"lthc.mage:pylons/basic/barrel/birch"},
{"predicate":{"custom_model_data":170002},"model":"lthc.mage:pylons/basic/barrel/crimson"},
{"predicate":{"custom_model_data":170003},"model":"lthc.mage:pylons/basic/barrel/dark_oak"},
{"predicate":{"custom_model_data":170004},"model":"lthc.mage:pylons/basic/barrel/jungle"},
{"predicate":{"custom_model_data":170005},"model":"lthc.mage:pylons/basic/barrel/oak"},
{"predicate":{"custom_model_data":170006},"model":"lthc.mage:pylons/basic/barrel/spruce"},
{"predicate":{"custom_model_data":170007},"model":"lthc.mage:pylons/basic/barrel/warped"},
{"predicate":{"custom_model_data":170008},"model":"lthc.mage:pylons/basic/barrel/mangrove"},
{"predicate":{"custom_model_data":170009},"model":"lthc.mage:components/capacitors/barrel/capacitor"},
{"predicate":{"custom_model_data":170010},"model":"lthc.mage:ritual_core/barrel/mining_ritual"},
{"predicate":{"custom_model_data":170011},"model":"lthc.mage:ritual_core/barrel/chopping_ritual"},
{"predicate":{"custom_model_data":170012},"model":"lthc.mage:ritual_core/barrel/multifarm_ritual_mk1"},
{"predicate":{"custom_model_data":170013},"model":"lthc.mage:ritual_core/barrel/multifarm_ritual_mk2"},
{"predicate":{"custom_model_data":170014},"model":"lthc.mage:portals/barrel/portal"},
{"predicate":{"custom_model_data":170015},"model":"lthc.mage:components/compactors/barrel/compactor"},
{"predicate":{"custom_model_data":170200},"model":"lthc.advancenergy:ores/barrel/tin/ore"},
{"predicate":{"custom_model_data":170201},"model":"lthc.advancenergy:ores/barrel/tin/deepslate_ore"},
{"predicate":{"custom_model_data":170202},"model":"lthc.advancenergy:ores/barrel/tin/raw_block"},
{"predicate":{"custom_model_data":170203},"model":"lthc.advancenergy:ores/barrel/tin/block"},
{"predicate":{"custom_model_data":170204},"model":"lthc.advancenergy:machine/barrel/carbon_generator"},
{"predicate":{"custom_model_data":170205},"model":"lthc.advancenergy:machine/barrel/carbon_generator_on"},
{"predicate":{"custom_model_data":170206},"model":"lthc.advancenergy:materials/barrel/ash_block"},
{"predicate":{"custom_model_data":170207},"model":"lthc.advancenergy:capacitors/barrel/primitive_capacitor"},
{"predicate":{"custom_model_data":170208},"model":"lthc.advancenergy:machine/barrel/mineral_extracting_machine"},
{"predicate":{"custom_model_data":170209},"model":"lthc.advancenergy:machine/barrel/dust_generator"},
{"predicate":{"custom_model_data":170210},"model":"lthc.advancenergy:machine/barrel/dust_generator_on"},
{"predicate":{"custom_model_data":170211},"model":"lthc.advancenergy:ores/barrel/lead/ore"},
{"predicate":{"custom_model_data":170212},"model":"lthc.advancenergy:ores/barrel/lead/deepslate_ore"},
{"predicate":{"custom_model_data":170213},"model":"lthc.advancenergy:ores/barrel/lead/raw_block"},
{"predicate":{"custom_model_data":170214},"model":"lthc.advancenergy:ores/barrel/lead/block"},
{"predicate":{"custom_model_data":170215},"model":"lthc.advancenergy:machine/barrel/advanced_carbon_generator"},
{"predicate":{"custom_model_data":170216},"model":"lthc.advancenergy:machine/barrel/advanced_carbon_generator_on"},
{"predicate":{"custom_model_data":170217},"model":"lthc.advancenergy:machine/barrel/refinery"},
{"predicate":{"custom_model_data":170218},"model":"lthc.advancenergy:machine/barrel/refinery_on"},
{"predicate":{"custom_model_data":170219},"model":"lthc.advancenergy:others/barrel/bomb"},
{"predicate":{"custom_model_data":170220},"model":"lthc.advancenergy:materials/barrel/bronze_block"},
{"predicate":{"custom_model_data":170221},"model":"lthc.advancenergy:others/barrel/bronze_bomb"},
{"predicate":{"custom_model_data":170222},"model":"lthc.advancenergy:machine/barrel/solar_generator"},
{"predicate":{"custom_model_data":170223},"model":"lthc.advancenergy:machine/barrel/potato_generator"},
{"predicate":{"custom_model_data":170224},"model":"lthc.advancenergy:machine/barrel/potato_generator_on"},
{"predicate":{"custom_model_data":170225},"model":"lthc.advancenergy:ores/barrel/silver/ore"},
{"predicate":{"custom_model_data":170226},"model":"lthc.advancenergy:ores/barrel/silver/deepslate_ore"},
{"predicate":{"custom_model_data":170227},"model":"lthc.advancenergy:ores/barrel/silver/raw_block"},
{"predicate":{"custom_model_data":170228},"model":"lthc.advancenergy:ores/barrel/silver/block"},
{"predicate":{"custom_model_data":170229},"model":"lthc.advancenergy:machine/barrel/cobblestone_farmer"},
{"predicate":{"custom_model_data":170230},"model":"lthc.advancenergy:machine/barrel/carbon_extractor"}
]
}