{
"parent":"block/cobblestone",
"overrides":[
{"predicate":{"custom_model_data":170000},"model":"lthc.advancenergy:cables/primitive_cable/wire"},
{"predicate":{"custom_model_data":170001},"model":"lthc.advancenergy:cables/primitive_cable/wire_d"},
{"predicate":{"custom_model_data":170002},"model":"lthc.advancenergy:cables/primitive_cable/wire_u"},
{"predicate":{"custom_model_data":170003},"model":"lthc.advancenergy:cables/primitive_cable/wire_ud"},
{"predicate":{"custom_model_data":170004},"model":"lthc.advancenergy:cables/primitive_cable/wire_n"},
{"predicate":{"custom_model_data":170005},"model":"lthc.advancenergy:cables/primitive_cable/wire_dn"},
{"predicate":{"custom_model_data":170006},"model":"lthc.advancenergy:cables/primitive_cable/wire_un"},
{"predicate":{"custom_model_data":170007},"model":"lthc.advancenergy:cables/primitive_cable/wire_udn"},
{"predicate":{"custom_model_data":170008},"model":"lthc.advancenergy:cables/primitive_cable/wire_s"},
{"predicate":{"custom_model_data":170009},"model":"lthc.advancenergy:cables/primitive_cable/wire_ds"},
{"predicate":{"custom_model_data":170010},"model":"lthc.advancenergy:cables/primitive_cable/wire_us"},
{"predicate":{"custom_model_data":170011},"model":"lthc.advancenergy:cables/primitive_cable/wire_uds"},
{"predicate":{"custom_model_data":170012},"model":"lthc.advancenergy:cables/primitive_cable/wire_ns"},
{"predicate":{"custom_model_data":170013},"model":"lthc.advancenergy:cables/primitive_cable/wire_dns"},
{"predicate":{"custom_model_data":170014},"model":"lthc.advancenergy:cables/primitive_cable/wire_uns"},
{"predicate":{"custom_model_data":170015},"model":"lthc.advancenergy:cables/primitive_cable/wire_udns"},
{"predicate":{"custom_model_data":170016},"model":"lthc.advancenergy:cables/primitive_cable/wire_w"},
{"predicate":{"custom_model_data":170017},"model":"lthc.advancenergy:cables/primitive_cable/wire_dw"},
{"predicate":{"custom_model_data":170018},"model":"lthc.advancenergy:cables/primitive_cable/wire_uw"},
{"predicate":{"custom_model_data":170019},"model":"lthc.advancenergy:cables/primitive_cable/wire_udw"},
{"predicate":{"custom_model_data":170020},"model":"lthc.advancenergy:cables/primitive_cable/wire_nw"},
{"predicate":{"custom_model_data":170021},"model":"lthc.advancenergy:cables/primitive_cable/wire_dnw"},
{"predicate":{"custom_model_data":170022},"model":"lthc.advancenergy:cables/primitive_cable/wire_unw"},
{"predicate":{"custom_model_data":170023},"model":"lthc.advancenergy:cables/primitive_cable/wire_udnw"},
{"predicate":{"custom_model_data":170024},"model":"lthc.advancenergy:cables/primitive_cable/wire_sw"},
{"predicate":{"custom_model_data":170025},"model":"lthc.advancenergy:cables/primitive_cable/wire_dsw"},
{"predicate":{"custom_model_data":170026},"model":"lthc.advancenergy:cables/primitive_cable/wire_usw"},
{"predicate":{"custom_model_data":170027},"model":"lthc.advancenergy:cables/primitive_cable/wire_udsw"},
{"predicate":{"custom_model_data":170028},"model":"lthc.advancenergy:cables/primitive_cable/wire_nsw"},
{"predicate":{"custom_model_data":170029},"model":"lthc.advancenergy:cables/primitive_cable/wire_dnsw"},
{"predicate":{"custom_model_data":170030},"model":"lthc.advancenergy:cables/primitive_cable/wire_unsw"},
{"predicate":{"custom_model_data":170031},"model":"lthc.advancenergy:cables/primitive_cable/wire_udnsw"},
{"predicate":{"custom_model_data":170032},"model":"lthc.advancenergy:cables/primitive_cable/wire_e"},
{"predicate":{"custom_model_data":170033},"model":"lthc.advancenergy:cables/primitive_cable/wire_de"},
{"predicate":{"custom_model_data":170034},"model":"lthc.advancenergy:cables/primitive_cable/wire_ue"},
{"predicate":{"custom_model_data":170035},"model":"lthc.advancenergy:cables/primitive_cable/wire_ude"},
{"predicate":{"custom_model_data":170036},"model":"lthc.advancenergy:cables/primitive_cable/wire_ne"},
{"predicate":{"custom_model_data":170037},"model":"lthc.advancenergy:cables/primitive_cable/wire_dne"},
{"predicate":{"custom_model_data":170038},"model":"lthc.advancenergy:cables/primitive_cable/wire_une"},
{"predicate":{"custom_model_data":170039},"model":"lthc.advancenergy:cables/primitive_cable/wire_udne"},
{"predicate":{"custom_model_data":170040},"model":"lthc.advancenergy:cables/primitive_cable/wire_se"},
{"predicate":{"custom_model_data":170041},"model":"lthc.advancenergy:cables/primitive_cable/wire_dse"},
{"predicate":{"custom_model_data":170042},"model":"lthc.advancenergy:cables/primitive_cable/wire_use"},
{"predicate":{"custom_model_data":170043},"model":"lthc.advancenergy:cables/primitive_cable/wire_udse"},
{"predicate":{"custom_model_data":170044},"model":"lthc.advancenergy:cables/primitive_cable/wire_nse"},
{"predicate":{"custom_model_data":170045},"model":"lthc.advancenergy:cables/primitive_cable/wire_dnse"},
{"predicate":{"custom_model_data":170046},"model":"lthc.advancenergy:cables/primitive_cable/wire_unse"},
{"predicate":{"custom_model_data":170047},"model":"lthc.advancenergy:cables/primitive_cable/wire_udnse"},
{"predicate":{"custom_model_data":170048},"model":"lthc.advancenergy:cables/primitive_cable/wire_ew"},
{"predicate":{"custom_model_data":170049},"model":"lthc.advancenergy:cables/primitive_cable/wire_dew"},
{"predicate":{"custom_model_data":170050},"model":"lthc.advancenergy:cables/primitive_cable/wire_uew"},
{"predicate":{"custom_model_data":170051},"model":"lthc.advancenergy:cables/primitive_cable/wire_udew"},
{"predicate":{"custom_model_data":170052},"model":"lthc.advancenergy:cables/primitive_cable/wire_new"},
{"predicate":{"custom_model_data":170053},"model":"lthc.advancenergy:cables/primitive_cable/wire_dnew"},
{"predicate":{"custom_model_data":170054},"model":"lthc.advancenergy:cables/primitive_cable/wire_unew"},
{"predicate":{"custom_model_data":170055},"model":"lthc.advancenergy:cables/primitive_cable/wire_udnew"},
{"predicate":{"custom_model_data":170056},"model":"lthc.advancenergy:cables/primitive_cable/wire_sew"},
{"predicate":{"custom_model_data":170057},"model":"lthc.advancenergy:cables/primitive_cable/wire_dsew"},
{"predicate":{"custom_model_data":170058},"model":"lthc.advancenergy:cables/primitive_cable/wire_usew"},
{"predicate":{"custom_model_data":170059},"model":"lthc.advancenergy:cables/primitive_cable/wire_udsew"},
{"predicate":{"custom_model_data":170060},"model":"lthc.advancenergy:cables/primitive_cable/wire_nsew"},
{"predicate":{"custom_model_data":170061},"model":"lthc.advancenergy:cables/primitive_cable/wire_dnsew"},
{"predicate":{"custom_model_data":170062},"model":"lthc.advancenergy:cables/primitive_cable/wire_unsew"},
{"predicate":{"custom_model_data":170063},"model":"lthc.advancenergy:cables/primitive_cable/wire_udnsew"},

{"predicate":{"custom_model_data":170200},"model":"lthc.advancenergy:gui/cooling_gui/gui_0"},
{"predicate":{"custom_model_data":170201},"model":"lthc.advancenergy:gui/cooling_gui/gui_1"},
{"predicate":{"custom_model_data":170202},"model":"lthc.advancenergy:gui/cooling_gui/gui_2"},
{"predicate":{"custom_model_data":170203},"model":"lthc.advancenergy:gui/cooling_gui/gui_3"},
{"predicate":{"custom_model_data":170204},"model":"lthc.advancenergy:gui/cooling_gui/gui_4"},
{"predicate":{"custom_model_data":170205},"model":"lthc.advancenergy:gui/cooling_gui/gui_5"},
{"predicate":{"custom_model_data":170206},"model":"lthc.advancenergy:gui/cooling_gui/gui_6"},
{"predicate":{"custom_model_data":170207},"model":"lthc.advancenergy:gui/cooling_gui/gui_7"},
{"predicate":{"custom_model_data":170208},"model":"lthc.advancenergy:gui/cooling_gui/gui_8"},
{"predicate":{"custom_model_data":170209},"model":"lthc.advancenergy:gui/cooling_gui/gui_9"},
{"predicate":{"custom_model_data":170210},"model":"lthc.advancenergy:gui/cooling_gui/gui_10"},
{"predicate":{"custom_model_data":170211},"model":"lthc.advancenergy:gui/carbon_generator_gui/gui_0"},
{"predicate":{"custom_model_data":170212},"model":"lthc.advancenergy:gui/carbon_generator_gui/gui_1"},
{"predicate":{"custom_model_data":170213},"model":"lthc.advancenergy:gui/carbon_generator_gui/gui_2"},
{"predicate":{"custom_model_data":170214},"model":"lthc.advancenergy:gui/carbon_generator_gui/gui_3"},
{"predicate":{"custom_model_data":170215},"model":"lthc.advancenergy:gui/carbon_generator_gui/gui_4"},
{"predicate":{"custom_model_data":170216},"model":"lthc.advancenergy:gui/carbon_generator_gui/gui_5"},
{"predicate":{"custom_model_data":170217},"model":"lthc.advancenergy:gui/carbon_generator_gui/gui_6"},
{"predicate":{"custom_model_data":170218},"model":"lthc.advancenergy:gui/carbon_generator_gui/gui_7"},
{"predicate":{"custom_model_data":170219},"model":"lthc.advancenergy:gui/carbon_generator_gui/gui_8"},
{"predicate":{"custom_model_data":170220},"model":"lthc.advancenergy:gui/carbon_generator_gui/gui_9"},
{"predicate":{"custom_model_data":170221},"model":"lthc.advancenergy:gui/carbon_generator_gui/gui_10"},
{"predicate":{"custom_model_data":170222},"model":"lthc.advancenergy:gui/dust_generator_gui/gui_0"},
{"predicate":{"custom_model_data":170223},"model":"lthc.advancenergy:gui/dust_generator_gui/gui_1"},
{"predicate":{"custom_model_data":170224},"model":"lthc.advancenergy:gui/dust_generator_gui/gui_2"},
{"predicate":{"custom_model_data":170225},"model":"lthc.advancenergy:gui/dust_generator_gui/gui_3"},
{"predicate":{"custom_model_data":170226},"model":"lthc.advancenergy:gui/dust_generator_gui/gui_4"},
{"predicate":{"custom_model_data":170227},"model":"lthc.advancenergy:gui/dust_generator_gui/gui_5"},
{"predicate":{"custom_model_data":170228},"model":"lthc.advancenergy:gui/dust_generator_gui/gui_6"},
{"predicate":{"custom_model_data":170229},"model":"lthc.advancenergy:gui/dust_generator_gui/gui_7"},
{"predicate":{"custom_model_data":170230},"model":"lthc.advancenergy:gui/dust_generator_gui/gui_8"},
{"predicate":{"custom_model_data":170231},"model":"lthc.advancenergy:gui/dust_generator_gui/gui_9"},
{"predicate":{"custom_model_data":170232},"model":"lthc.advancenergy:gui/dust_generator_gui/gui_10"},
{"predicate":{"custom_model_data":170233},"model":"lthc.advancenergy:gui/refinery_gui/gui_0"},
{"predicate":{"custom_model_data":170234},"model":"lthc.advancenergy:gui/refinery_gui/gui_1"},
{"predicate":{"custom_model_data":170235},"model":"lthc.advancenergy:gui/refinery_gui/gui_2"},
{"predicate":{"custom_model_data":170236},"model":"lthc.advancenergy:gui/refinery_gui/gui_3"},
{"predicate":{"custom_model_data":170237},"model":"lthc.advancenergy:gui/refinery_gui/gui_4"},
{"predicate":{"custom_model_data":170238},"model":"lthc.advancenergy:gui/refinery_gui/gui_5"},
{"predicate":{"custom_model_data":170239},"model":"lthc.advancenergy:gui/refinery_gui/gui_6"},
{"predicate":{"custom_model_data":170240},"model":"lthc.advancenergy:gui/refinery_gui/gui_7"},
{"predicate":{"custom_model_data":170241},"model":"lthc.advancenergy:gui/refinery_gui/gui_8"},
{"predicate":{"custom_model_data":170242},"model":"lthc.advancenergy:gui/refinery_gui/gui_9"},
{"predicate":{"custom_model_data":170243},"model":"lthc.advancenergy:gui/refinery_gui/gui_10"},
{"predicate":{"custom_model_data":170244},"model":"lthc.advancenergy:gui/potato_generator_gui/gui_0"},
{"predicate":{"custom_model_data":170245},"model":"lthc.advancenergy:gui/potato_generator_gui/gui_1"},
{"predicate":{"custom_model_data":170246},"model":"lthc.advancenergy:gui/potato_generator_gui/gui_2"},
{"predicate":{"custom_model_data":170247},"model":"lthc.advancenergy:gui/potato_generator_gui/gui_3"},
{"predicate":{"custom_model_data":170248},"model":"lthc.advancenergy:gui/potato_generator_gui/gui_4"},
{"predicate":{"custom_model_data":170249},"model":"lthc.advancenergy:gui/potato_generator_gui/gui_5"},
{"predicate":{"custom_model_data":170250},"model":"lthc.advancenergy:gui/potato_generator_gui/gui_6"},
{"predicate":{"custom_model_data":170251},"model":"lthc.advancenergy:gui/potato_generator_gui/gui_7"},
{"predicate":{"custom_model_data":170252},"model":"lthc.advancenergy:gui/potato_generator_gui/gui_8"},
{"predicate":{"custom_model_data":170253},"model":"lthc.advancenergy:gui/potato_generator_gui/gui_9"},
{"predicate":{"custom_model_data":170254},"model":"lthc.advancenergy:gui/potato_generator_gui/gui_10"},
{"predicate":{"custom_model_data":170255},"model":"lthc.advancenergy:gui/carbon_extractor_gui/gui_0"},
{"predicate":{"custom_model_data":170256},"model":"lthc.advancenergy:gui/carbon_extractor_gui/gui_1"},
{"predicate":{"custom_model_data":170257},"model":"lthc.advancenergy:gui/carbon_extractor_gui/gui_2"},
{"predicate":{"custom_model_data":170258},"model":"lthc.advancenergy:gui/carbon_extractor_gui/gui_3"},
{"predicate":{"custom_model_data":170259},"model":"lthc.advancenergy:gui/carbon_extractor_gui/gui_4"},
{"predicate":{"custom_model_data":170260},"model":"lthc.advancenergy:gui/carbon_extractor_gui/gui_5"},
{"predicate":{"custom_model_data":170261},"model":"lthc.advancenergy:gui/carbon_extractor_gui/gui_6"},
{"predicate":{"custom_model_data":170262},"model":"lthc.advancenergy:gui/carbon_extractor_gui/gui_7"},
{"predicate":{"custom_model_data":170263},"model":"lthc.advancenergy:gui/carbon_extractor_gui/gui_8"},
{"predicate":{"custom_model_data":170264},"model":"lthc.advancenergy:gui/carbon_extractor_gui/gui_9"},
{"predicate":{"custom_model_data":170265},"model":"lthc.advancenergy:gui/carbon_extractor_gui/gui_10"}
]
}
