{
"parent":"minecraft:item/generated",

"textures":{
"layer0":"minecraft:item/glow_item_frame"
},

"overrides":[
{"predicate":{"custom_model_data":170000},"model":"lthc.mage:pylons/basic/acacia"},
{"predicate":{"custom_model_data":170001},"model":"lthc.mage:pylons/basic/birch"},
{"predicate":{"custom_model_data":170002},"model":"lthc.mage:pylons/basic/crimson"},
{"predicate":{"custom_model_data":170003},"model":"lthc.mage:pylons/basic/dark_oak"},
{"predicate":{"custom_model_data":170004},"model":"lthc.mage:pylons/basic/jungle"},
{"predicate":{"custom_model_data":170005},"model":"lthc.mage:pylons/basic/oak"},
{"predicate":{"custom_model_data":170006},"model":"lthc.mage:pylons/basic/spruce"},
{"predicate":{"custom_model_data":170007},"model":"lthc.mage:pylons/basic/warped"},
{"predicate":{"custom_model_data":170008},"model":"lthc.mage:pylons/basic/mangrove"},
{"predicate":{"custom_model_data":170009},"model":"lthc.mage:components/capacitors/capacitor"},
{"predicate":{"custom_model_data":170010},"model":"lthc.mage:ritual_core/mining_ritual"},
{"predicate":{"custom_model_data":170011},"model":"lthc.mage:ritual_core/chopping_ritual"},
{"predicate":{"custom_model_data":170012},"model":"lthc.mage:ritual_core/multifarm_ritual_mk1"},
{"predicate":{"custom_model_data":170013},"model":"lthc.mage:ritual_core/multifarm_ritual_mk2"},
{"predicate":{"custom_model_data":170014},"model":"lthc.mage:portals/portal"},
{"predicate":{"custom_model_data":170015},"model":"lthc.mage:components/compactors/compactor"},
{ "predicate": { "custom_model_data": 170200 }, "model": "lthc.advancenergy:ores/tin/ore" },
{ "predicate": { "custom_model_data": 170201 }, "model": "lthc.advancenergy:ores/tin/deepslate_ore" },
{ "predicate": { "custom_model_data": 170202 }, "model": "lthc.advancenergy:ores/tin/raw_block" },
{ "predicate": { "custom_model_data": 170203 }, "model": "lthc.advancenergy:ores/tin/block" },
{ "predicate": { "custom_model_data": 170204 }, "model": "lthc.advancenergy:machine/carbon_generator" },
{ "predicate": { "custom_model_data": 170205 }, "model": "lthc.advancenergy:machine/carbon_generator_on" },
{ "predicate": { "custom_model_data": 170206 }, "model": "lthc.advancenergy:materials/ash_block" },
{ "predicate": { "custom_model_data": 170207 }, "model": "lthc.advancenergy:capacitors/primitive_capacitor" },
{ "predicate": { "custom_model_data": 170208 }, "model": "lthc.advancenergy:machine/mineral_extracting_machine" },
{ "predicate": { "custom_model_data": 170209 }, "model": "lthc.advancenergy:machine/dust_generator" },
{ "predicate": { "custom_model_data": 170210 }, "model": "lthc.advancenergy:machine/dust_generator_on" },
{ "predicate": { "custom_model_data": 170211 }, "model": "lthc.advancenergy:ores/lead/ore" },
{ "predicate": { "custom_model_data": 170212 }, "model": "lthc.advancenergy:ores/lead/deepslate_ore" },
{ "predicate": { "custom_model_data": 170213 }, "model": "lthc.advancenergy:ores/lead/raw_block" },
{ "predicate": { "custom_model_data": 170214 }, "model": "lthc.advancenergy:ores/lead/block" },
{ "predicate": { "custom_model_data": 170215 }, "model": "lthc.advancenergy:machine/advanced_carbon_generator" },
{ "predicate": { "custom_model_data": 170216 }, "model": "lthc.advancenergy:machine/advanced_carbon_generator_on" },
{ "predicate": { "custom_model_data": 170217 }, "model": "lthc.advancenergy:machine/refinery" },
{ "predicate": { "custom_model_data": 170218 }, "model": "lthc.advancenergy:machine/refinery_on" },
{ "predicate": { "custom_model_data": 170219 }, "model": "lthc.advancenergy:others/bomb" },
{ "predicate": { "custom_model_data": 170220 }, "model": "lthc.advancenergy:materials/bronze_block" },
{ "predicate": { "custom_model_data": 170221 }, "model": "lthc.advancenergy:others/bronze_bomb" },
{ "predicate": { "custom_model_data": 170222 }, "model": "lthc.advancenergy:machine/solar_generator" },
{ "predicate": { "custom_model_data": 170223 }, "model": "lthc.advancenergy:machine/potato_generator" },
{ "predicate": { "custom_model_data": 170224 }, "model": "lthc.advancenergy:machine/potato_generator_on" },
{ "predicate": { "custom_model_data": 170225 }, "model": "lthc.advancenergy:ores/silver/ore" },
{ "predicate": { "custom_model_data": 170226 }, "model": "lthc.advancenergy:ores/silver/deepslate_ore" },
{ "predicate": { "custom_model_data": 170227 }, "model": "lthc.advancenergy:ores/silver/raw_block" },
{ "predicate": { "custom_model_data": 170228 }, "model": "lthc.advancenergy:ores/silver/block" },
{ "predicate": { "custom_model_data": 170229 }, "model": "lthc.advancenergy:machine/cobblestone_farmer" },
{ "predicate": { "custom_model_data": 170230 }, "model": "lthc.advancenergy:machine/carbon_extractor" }
]
}