{
		"parent": "item/handheld",
		"textures": {
			"layer0": "item/leather_chestplate",
			"layer1": "item/leather_chestplate_overlay"
		},
		"overrides": [
		{ "predicate": { "custom_model_data": 170200 }, "model": "lthc.advancenergy:equipments/tin_chestplate" },
		{ "predicate": { "custom_model_data": 170201 }, "model": "lthc.advancenergy:equipments/lead_chestplate" },
		{ "predicate": { "custom_model_data": 170202 }, "model": "lthc.advancenergy:equipments/silver_chestplate" }
	]
}
