{
	"parent": "minecraft:block/cube_all",
	"textures": {
		"down": "lthc.advancenergy:machines/dust_generator/dust_generator_bottom",
		"up": "lthc.advancenergy:materials/ash_block",
		"sides": "lthc.advancenergy:machines/dust_generator/dust_generator_side_on"
	},
	"elements": [{
		"from": [ 0, 0, 0 ],
		"to": [ 16, 16, 16 ],
		"faces": {
			"down":	{"texture": "#down"},
			"up":	 {"texture": "#up"},
			"north": {"texture": "#sides"},
			"south": {"texture": "#sides"},
			"west":	{"texture": "#sides"},
			"east":	{"texture": "#sides"}
		}
	}]
}
