{"parent":"block/cube_all","textures":{"0":"lthc.mage:maps/blocks_map"},"elements":[{"from":[0,0,0],"to":[16,16,16],"faces":{"north":{"uv":[14.666,14.666,15.999,15.999],"texture":"#0"},"east":{"uv":[14.666,14.666,15.999,15.999],"texture":"#0"},"south":{"uv":[14.666,14.666,15.999,15.999],"texture":"#0"},"west":{"uv":[14.666,14.666,15.999,15.999],"texture":"#0"},"up":{"uv":[14.666,14.666,15.999,15.999],"texture":"#0"},"down":{"uv":[14.666,14.666,15.999,15.999],"texture":"#0"}}}],"display":{"fixed":{"rotation":[-90,0,0],"translation":[0,0,-16],"scale":[2.0075,2.0075,2.0075]}}}