{
	"parent": "minecraft:block/cube_all",
	"textures": {
		"down": "lthc.advancenergy:machines/dust_generator/dust_generator_bottom",
		"up": "lthc.advancenergy:materials/ash_block",
		"north": "lthc.advancenergy:machines/dust_generator/dust_generator_side_on",
		"south": "lthc.advancenergy:machines/dust_generator/dust_generator_side_on",
		"west": "lthc.advancenergy:machines/dust_generator/dust_generator_side_on",
		"east": "lthc.advancenergy:machines/dust_generator/dust_generator_side_on"
	},
	"elements": [{
		"from": [ 0, 0, 0 ],
		"to": [ 16, 16, 16 ],
		"faces": {
			"down":	{ "texture": "#down", "cullface": "down" },
			"up":	 { "texture": "#up", "cullface": "up" },
			"north": { "texture": "#north", "cullface": "north" },
			"south": { "texture": "#south", "cullface": "south" },
			"west":	{ "texture": "#west", "cullface": "west" },
			"east":	{ "texture": "#east", "cullface": "east" }
		}
	}],
	"display": {
		"fixed": {
			"rotation": [ -90, 0, 0 ],
			"translation": [ 0, 0, -16 ],
			"scale": [2.0075, 2.0075, 2.0075]
		}
	}
}
