{
	"parent": "lthc.advancenergy:block_renderer",
	"textures": {
		"ud": "lthc.advancenergy:others/bronze_bomb",
		"sides": "lthc.advancenergy:machines/potato_generator/potato_generator_side_on"
	},
	"elements": [{
		"from": [ 0, 0, 0 ],
		"to": [ 16, 16, 16 ],
		"faces": {
			"down":	{ "texture": "#ud", "cullface": "down" },
			"up":	 { "texture": "#ud", "cullface": "up" },
			"north": { "texture": "#sides", "cullface": "north" },
			"south": { "texture": "#sides", "cullface": "south" },
			"west":	{ "texture": "#sides", "cullface": "west" },
			"east":	{ "texture": "#sides", "cullface": "east" }
		},
		"shade": false
	}]
}
