{"parent":"lthc.mage:block_renderer","textures":{"1":"lthc.mage:maps/blocks_map"},"elements":[{"from":[0,0,0],"to":[16,16,16],"faces":{"north":{"uv":[12,0,13.333,1.333],"texture":"#1","cullface":"north"},"east":{"uv":[12,0,13.333,1.333],"texture":"#1","cullface":"east"},"south":{"uv":[12,0,13.333,1.333],"texture":"#1","cullface":"south"},"west":{"uv":[12,0,13.333,1.333],"texture":"#1","cullface":"west"},"up":{"uv":[12,0,13.333,1.333],"texture":"#1","cullface":"up"},"down":{"uv":[12,0,13.333,1.333],"texture":"#1","cullface":"down"}},"shade":false}]}