{"parent":"block/cube_all","textures":{"1":"lthc.mage:maps/blocks_map"},"elements":[{"from":[0,0,0],"to":[16,16,16],"faces":{"north":{"uv":[13.333,0,14.666,1.333],"texture":"#1"},"east":{"uv":[13.333,0,14.666,1.333],"texture":"#1"},"south":{"uv":[13.333,0,14.666,1.333],"texture":"#1"},"west":{"uv":[13.333,0,14.666,1.333],"texture":"#1"},"up":{"uv":[13.333,0,14.666,1.333],"texture":"#1"},"down":{"uv":[13.333,0,14.666,1.333],"texture":"#1"}}}],"display":{"fixed":{"rotation":[-90,0,0],"translation":[0,0,-16],"scale":[2.0075,2.0075,2.0075]}}}