{
	"parent":"block/block",
	"display": {
				"head": {
						"rotation": [ 0, 0, 0 ],
						"translation": [ 0, -30.42, 0 ],
						"scale": [ 1.605, 1.605, 1.605 ]
				},
				"fixed": {
						"rotation": [ 90, 0, 0 ],
						"translation": [ 0, 0, -8 ],
						"scale": [ 2.02, 2.02, 2.02 ]
				}
	},
	"elements": [
		{
						"from": [ 0.0, 0.0, 0.0 ], 
						"to": [ 16.0, 16.0, 16.0 ], 
						"faces": {
								"north": { "texture": "#0", "uv": [ 0.0, 0.0, 16.0, 16.0 ] },
								"east": { "texture": "#0", "uv": [ 0.0, 0.0, 16.0, 16.0 ] },
								"south": { "texture": "#0", "uv": [ 0.0, 0.0, 16.0, 16.0 ] },
								"west": { "texture": "#0", "uv": [ 0.0, 0.0, 16.0, 16.0 ] },
								"up": { "texture": "#0", "uv": [ 0.0, 0.0, 16.0, 16.0 ] },
								"down": { "texture": "#0", "uv": [ 0.0, 0.0, 16.0, 16.0 ] }
						}
				}
	]
}