{"parent":"lthc.mage:block_renderer","textures":{"2":"lthc.mage:maps/blocks_map"},"elements":[{"from":[0,0,0],"to":[16,16,16],"faces":{"north":{"uv":[4,0,5.333,1.333],"texture":"#2","cullface":"north"},"east":{"uv":[4,0,5.333,1.333],"texture":"#2","cullface":"east"},"south":{"uv":[4,0,5.333,1.333],"texture":"#2","cullface":"south"},"west":{"uv":[4,0,5.333,1.333],"texture":"#2","cullface":"west"},"up":{"uv":[4,1.333,5.333,2.666],"texture":"#2","cullface":"up"},"down":{"uv":[4,1.333,5.333,2.666],"texture":"#2","cullface":"down"}},"shade":false}]}