{"parent":"lthc.mage:block_renderer","textures":{"2":"lthc.mage:maps/blocks_map"},"elements":[{"from":[0,0,0],"to":[16,16,16],"faces":{"north":{"uv":[14.667,0,16,1.333],"texture":"#2","cullface":"north"},"east":{"uv":[14.667,0,16,1.333],"texture":"#2","cullface":"east"},"south":{"uv":[14.667,0,16,1.333],"texture":"#2","cullface":"south"},"west":{"uv":[14.667,0,16,1.333],"texture":"#2","cullface":"west"},"up":{"uv":[14.667,1.333,16,2.666],"texture":"#2","cullface":"up"},"down":{"uv":[14.667,1.333,16,2.666],"texture":"#2","cullface":"down"}},"shade":false}]}