{"parent":"block/cube_all","textures":{"2":"lthc.mage:maps/blocks_map"},"elements":[{"from":[0,0,0],"to":[16,16,16],"faces":{"north":{"uv":[9.333,0,10.666,1.333],"texture":"#2"},"east":{"uv":[9.333,0,10.666,1.333],"texture":"#2"},"south":{"uv":[9.333,0,10.666,1.333],"texture":"#2"},"west":{"uv":[9.333,0,10.666,1.333],"texture":"#2"},"up":{"uv":[9.333,1.333,10.666,2.666],"texture":"#2"},"down":{"uv":[9.333,1.333,10.666,2.666],"texture":"#2"}}}],"display":{"fixed":{"rotation":[-90,0,0],"translation":[0,0,-16],"scale":[2.0075,2.0075,2.0075]}}}